{
    "integration_method": "euler",
    "t_start": 0.0,
    "t_stop": 20,
    "dt": 0.01,
    
    "m": 0.772,
    "g": 9.81,
    "J": [
        [0.0025, 0.0, 0.0],
        [0.0, 0.0021, 0.0],
        [0.0, 0.0, 0.0043]
    ],
    "l_arm": 0.08,
    "h": 0.005,

    "C_T": 7.0e-06,
    "C_q": 4.436281080042355e-07,
    "w_m": 500.0,
    "motor_max_speed": 1000.0,
    "motor_min_speed": 0.0,

    "rho": 1.225,
    "D": 0.08,
    "C_s": 0.0009119514466606566,
    "k1": 1.425,
    "k2": 3.126,
    
    "Q": 0.01,
    "wind_update_period": 2.0,
    "process_noise_covariance": [
        [1e-05, 0.0, 0.0, 0.0, 0.0, 0.0],
        [0.0, 1e-05, 0.0, 0.0, 0.0, 0.0],
        [0.0, 0.0, 0.5e-05, 0.0, 0.0, 0.0],
        [0.0, 0.0, 0.0, 1e-07, 0.0, 0.0],
        [0.0, 0.0, 0.0, 0.0, 1e-07, 0.0],
        [ 0.0, 0.0, 0.0, 0.0, 0.0, 1e-07]
    ],
    "imu_covariance": [
        [0.1, 0.0, 0.0],
        [0.0, 0.1, 0.0],
        [0.0, 0.0, 0.1]
    ],

    
    "MC_ROLLRATE_MAX": 6.0,
    "MC_PITCHRATE_MAX": 6.0,
    "MC_YAWRATE_MAX": 4.0,
    "angacc_max": [0.5, 0.5, 0.5]    
}